,2181,"2181, Œ≤·µ¢√óùòπ·µ¢",2333,"2333, Œ≤·µ¢√óùòπ·µ¢",424,"424, Œ≤·µ¢√óùòπ·µ¢",45,"45, Œ≤·µ¢√óùòπ·µ¢",Œ≤
GrLivArea^2,12.691162881667585,70429.5859562448,3.0853394360124895,17122.085740994047,1.755086582443229,9739.84988384258,1.6569851605946317,9195.4362168731,5549.498230613721
GrLivArea,7.1491594499973665,66855.86147340063,2.708997851355361,25333.381686153418,1.7798935383930015,16644.79812941467,1.7041296673789035,15936.287023929535,9351.569501422331
MasVnrArea GarageCars,7.543783233474905,31580.319590110135,0.8570937522727463,3588.0265614408386,0.8044426539955639,3367.614805309584,4.490019533398328,18796.437734497384,4186.27081567974
GrLivAreaLarge_normal,-10.43346264943441,18900.32600170808,0.095845457409502,-173.6250420104408,0.095845457409502,-173.6250420104408,0.095845457409502,-173.6250420104408,-1811.5103908224226
MasVnrArea FullBath,6.381926129478902,18633.884812897053,1.2387128577931958,3616.7815546711186,0.6070901753054775,1772.5758913802142,3.765203587744069,10993.604207834735,2919.790112709836
BsmtExposure_Gd,2.92451620461503,15775.06199308204,-0.3419368982883223,-1844.433537317508,2.92451620461503,15775.06199308204,2.92451620461503,15775.06199308204,5394.075768220473
GarageCars OverallQual,2.6831700892431716,13260.680438954336,2.2414164124628684,11077.459045722033,2.6831700892431716,13260.680438954336,2.2414164124628684,11077.459045722033,4942.169149885951
YearRemodAdd OverallQual,2.6532891315436182,12981.37301667689,1.9657891113728396,9617.738761853858,2.649912412387573,12964.852219747501,1.977945300334602,9677.21363079965,4892.558772561905
YearBuilt OverallQual,2.652219363392239,12920.556981778267,1.970253373793361,9598.290147493042,2.652219363392239,12920.556981778267,1.9823176370000242,9657.062435470569,4871.601934635086
SaleType_New,3.304917641962511,12791.030423697448,3.304917641962511,12791.030423697448,-0.30257940086101054,-1171.0737577409302,3.304917641962511,12791.030423697448,3870.3023219973306
OverallQual,2.6479152724285564,12550.445859586678,1.9594125354893983,9287.117756113421,2.6479152724285564,12550.445859586678,1.9594125354893983,9287.117756113421,4739.74601463586
GarageArea TotRmsAbvGrd,7.225912884779977,11719.729230338491,2.3830609564717378,3865.093531374706,1.78963962626988,2902.6217412536394,2.970322203661119,4817.574264850916,1621.9029231619843
MasVnrArea YearBuilt,6.436097342761755,11400.27330681845,0.6187066163354911,1095.9163833800578,0.5746931777520564,1017.955283306218,3.78231504508522,6699.622915889607,1771.3021882180774
MasVnrArea YearRemodAdd,6.432727131658273,11383.700191317988,0.6178770923008367,1093.428561460345,0.5733123947368308,1014.5644738343208,3.780102365152898,6689.472619725384,1769.6538277356433
Fireplaces GarageCars,3.289322854678893,11082.37266505008,1.2173862469671641,4101.612599993277,3.289322854678893,11082.37266505008,3.289322854678893,11082.37266505008,3369.1957751383306
MasVnrArea,6.385519991516333,10407.93741290268,0.6109932427463468,995.8749543747577,0.5655245281891028,921.7642263548529,3.7483345471961824,6109.515187748197,1629.9279348792966
GarageArea FullBath,2.8173016763396292,8190.383094595432,2.515926129089768,7314.232269836492,1.0015140041592143,2911.574375422816,1.559058766571458,4532.453401226856,2907.172903555278
GarageArea GarageCars,3.2505333914738475,8148.164974488692,1.5031251480924839,3767.9082811719654,1.3275864204468675,3327.8824946287327,1.9180348679821229,4807.969231183243,2506.716281045239
ExterQual_TA,-1.2250767356088683,7102.335661384608,-1.2250767356088683,7102.335661384608,-1.2250767356088683,7102.335661384608,-1.2250767356088683,7102.335661384608,-5797.461869076076
FullBath OverallQual,1.929543042444411,6177.07069700528,3.305451135897619,10581.782786285903,1.929543042444411,6177.07069700528,1.5364264443149231,4918.581528639387,3201.312725929117
BsmtExposure_No,-1.3633547078730295,5433.244051140553,-1.3633547078730295,5433.244051140553,-1.3633547078730295,5433.244051140553,-1.3633547078730295,5433.244051140553,-3985.2021046063355
Fireplaces FullBath,2.4619152514875107,4870.6440094856025,1.6326498864441923,3230.0284846084983,2.4619152514875107,4870.6440094856025,2.4619152514875107,4870.6440094856025,1978.3962939190196
GarageArea YearBuilt,3.1576570820268466,4589.949737724835,1.116115897819764,1622.3787888899044,0.9165031070095722,1332.222938198967,1.606557050128226,2335.2808488446694,1453.5934772178061
GarageArea YearRemodAdd,3.1484301284802854,4555.472658683189,1.1068479967397016,1601.501567671694,0.9056731518929269,1310.42110283169,1.5972961596758608,2311.132433081913,1446.9028921667918
MasVnrType_Stone,3.2772638000727343,4360.093400652801,3.2772638000727343,4360.093400652801,3.2772638000727343,4360.093400652801,3.2772638000727343,4360.093400652801,1330.4066033854324
RoofStyle_Hip,2.0272233600407765,4168.759173295802,2.0272233600407765,4168.759173295802,2.0272233600407765,4168.759173295802,2.0272233600407765,4168.759173295802,2056.3886819121644
YearBuilt TotRmsAbvGrd,5.49265449201722,4078.755833356618,2.942707459490981,2185.2066671415246,2.3182628978990003,1721.5042984775678,2.9566191357998655,2195.537251557329,742.5837250976738
FullBath TotRmsAbvGrd,3.4467811264151536,3986.012696896656,3.9825935356088977,4605.650262459851,1.6607397624360065,1920.5541450193414,2.0179480352318357,2333.645855394804,1156.4449701633168
YearRemodAdd TotRmsAbvGrd,5.442887538545219,3884.7963683732296,2.905493598006513,2073.7615645985293,2.2809720506140394,1628.016723813233,2.919329926347535,2083.637079701527,713.7381290467674
GarageArea,3.118031372468899,3830.50744869642,1.0863642422844635,1334.6005299404942,0.882269827380091,1083.8701545403558,1.5687692229675259,1927.2359627044584,1228.5018946629048
RoofStyle_Gable,-1.9471202475879548,3604.185884115729,-1.9471202475879548,3604.185884115729,-1.9471202475879548,3604.185884115729,-1.9471202475879548,3604.185884115729,-1851.0340532797125
ExterQual_Gd,-0.7272049489472413,3382.869537551334,1.3751281553400843,-6396.9299901816585,-0.7272049489472413,3382.869537551334,-0.7272049489472413,3382.869537551334,-4651.879146929129
GarageCars TotRmsAbvGrd,4.682859904147074,3265.5025261827163,2.9730282150074934,2073.184196247642,2.5455702927225983,1775.1046137638734,2.9730282150074934,2073.184196247642,697.3308177105264
YearBuilt YearRemodAdd,1.29471451226561,2967.0529200380192,1.1633121923379022,2665.922722339816,1.2728032136096694,2916.8395470951536,1.3385589335801367,3067.529679243415,2291.6657625517755
TotRmsAbvGrd,5.384359060031061,2668.922842952476,2.8626951640725435,1418.9827295356345,2.232279190082914,1106.497701181424,2.8626951640725435,1418.9827295356345,495.6806953615533
Fireplaces^2,2.7109740732666765,2633.26804757696,0.18860376190300537,183.1977165585907,2.7109740732666765,2633.26804757696,2.7109740732666765,2633.26804757696,971.3364924969267
YearRemodAdd^2,1.1665058004510882,2551.9622129701124,1.0206192953272901,2232.8066217040973,1.1178527418307231,2445.5240220099145,1.2151830826505523,2658.4533978018367,2187.697833978423
YearRemodAdd,1.1616115715201236,2498.6979374470684,1.017754691175655,2189.252939637776,1.1136592780719674,2395.549604843971,1.2095638649682798,2601.846270050166,2151.0615068832253
Fireplaces TotRmsAbvGrd,5.32123277875755,2417.142472018942,1.4042328225669833,637.8654979311411,3.259653854446726,1480.6809067095733,3.6719696393088905,1667.9732197714468,454.24482869236897
YearBuilt^2,1.1851234492681126,2369.5152504201737,1.083428170584346,2166.1874756759244,1.1851234492681126,2369.5152504201737,1.2190556641092696,2437.3587317016463,1999.3826397439834
YearBuilt,1.1765205234930871,2333.8970236011114,1.077025184501205,2136.525306832499,1.1765205234930871,2333.8970236011114,1.2096856364903812,2399.687595857316,1983.7282707757413
YearRemodAdd Fireplaces,2.2053696102216884,1537.4147120137216,0.6361083128626028,443.4459757205442,2.203809708335646,1536.3272679418596,2.2069295121077315,1538.5021560855837,697.1233778174613
YearBuilt Fireplaces,2.2212313688505945,1468.3716954783292,0.6437020648600139,425.52698724514374,2.2212313688505945,1468.3716954783292,2.222800269202649,1469.4088359141656,661.0620199543453
GarageType_Attchd,0.8329661452417756,1347.2987806884673,-1.2005289839357653,-1941.8210997859178,0.8329661452417756,1347.2987806884673,0.8329661452417756,1347.2987806884673,1617.4712362378211
BldgType_TwnhsE,-0.29742942093677066,1212.9114256409705,-0.29742942093677066,1212.9114256409705,-0.29742942093677066,1212.9114256409705,-0.29742942093677066,1212.9114256409705,-4077.9806578005564
MasVnrArea Fireplaces,10.776126839108304,1136.9181699227556,0.5384023448101779,56.80328541811773,1.4159215871785888,149.384561232801,6.534783834327652,689.4420034851199,105.50341387934448
Fireplaces,2.1695929432412497,1133.5095724613648,0.6211781187841537,324.53615137292906,2.1695929432412497,1133.5095724613648,2.1695929432412497,1133.5095724613648,522.4526453187874
GarageCars^2,1.870175762674731,1079.69625545142,1.870175762674731,1079.69625545142,1.870175762674731,1079.69625545142,1.870175762674731,1079.69625545142,577.32341365992
Condition1_Norm,0.39656159492612697,705.0415888524585,0.39656159492612697,705.0415888524585,0.39656159492612697,705.0415888524585,0.39656159492612697,705.0415888524585,1777.8867088321965
MSZoning_RM,-0.4299998208334453,699.791717941358,-0.4299998208334453,699.791717941358,-0.4299998208334453,699.791717941358,-0.4299998208334453,699.791717941358,-1627.423277956232
BldgType_Twnhs,-0.16959522931385798,673.7471705119982,-0.16959522931385798,673.7471705119982,-0.16959522931385798,673.7471705119982,-0.16959522931385798,673.7471705119982,-3972.6776114977956
Functional_Typ,0.2748171674486068,628.5480369468021,0.2748171674486068,628.5480369468021,0.2748171674486068,628.5480369468021,0.2748171674486068,628.5480369468021,2287.14982685478
Neighborhood_Gilbert,-0.24783395674790468,617.5101947716392,-0.24783395674790468,617.5101947716392,-0.24783395674790468,617.5101947716392,-0.24783395674790468,617.5101947716392,-2491.628681051835
MasVnrType_BrkFace,-0.6735623210795507,583.6716002501895,-0.6735623210795507,583.6716002501895,-0.6735623210795507,583.6716002501895,-0.6735623210795507,583.6716002501895,-866.5443151788999
Neighborhood_NAmes,-0.4074737720457983,583.5223978503717,-0.4074737720457983,583.5223978503717,-0.4074737720457983,583.5223978503717,-0.4074737720457983,583.5223978503717,-1432.0489756204142
BldgType_Duplex,-0.1907567565296838,479.9222183869436,-0.1907567565296838,479.9222183869436,-0.1907567565296838,479.9222183869436,-0.1907567565296838,479.9222183869436,-2515.8858177181396
Neighborhood_CollgCr,-0.3139608710833701,468.81876528860505,-0.3139608710833701,468.81876528860505,-0.3139608710833701,468.81876528860505,-0.3139608710833701,468.81876528860505,-1493.2394717560633
Neighborhood_NWAmes,-0.21006577704537094,421.4086797302638,-0.21006577704537094,421.4086797302638,-0.21006577704537094,421.4086797302638,-0.21006577704537094,421.4086797302638,-2006.0796463730792
FullBath GarageCars,1.4926312996103062,391.4820123877004,3.0190055940256326,791.8140170767185,1.4926312996103062,391.4820123877004,1.4926312996103062,391.4820123877004,262.27643255900364
BsmtExposure_Mn,-0.30001181172116925,349.1646522780154,-0.30001181172116925,349.1646522780154,-0.30001181172116925,349.1646522780154,-0.30001181172116925,349.1646522780154,-1163.8363512251603
Neighborhood_SawyerW,-0.2167273134301664,347.1262216089755,-0.2167273134301664,347.1262216089755,-0.2167273134301664,347.1262216089755,-0.2167273134301664,347.1262216089755,-1601.6727015851009
Neighborhood_OldTown,-0.29742942093677066,301.74148505617086,-0.29742942093677066,301.74148505617086,-0.29742942093677066,301.74148505617086,-0.29742942093677066,301.74148505617086,-1014.4977726339887
FullBath^2,0.6464053127381447,279.9787537677037,3.383661290137007,1465.5716042487843,0.6464053127381447,279.9787537677037,0.6464053127381447,279.9787537677037,433.13188838397065
PavedDrive_Y,0.30513259261515874,251.69432060992298,0.30513259261515874,251.69432060992298,0.30513259261515874,251.69432060992298,0.30513259261515874,251.69432060992298,824.8686856188008
MSZoning_RL,0.5377610284519603,234.65038311294657,0.5377610284519603,234.65038311294657,0.5377610284519603,234.65038311294657,0.5377610284519603,234.65038311294657,436.34694724611967
BsmtCond_Fa,-0.18519514780544125,222.83008340797818,-0.18519514780544125,222.83008340797818,-0.18519514780544125,222.83008340797818,-0.18519514780544125,222.83008340797818,-1203.2177195164677
GarageType_Detchd,-0.5998820986429961,212.70878416003922,-0.5998820986429961,212.70878416003922,-0.5998820986429961,212.70878416003922,-0.5998820986429961,212.70878416003922,-354.5843168869541
Neighborhood_Sawyer,-0.22957270667980756,206.51335512337857,-0.22957270667980756,206.51335512337857,-0.22957270667980756,206.51335512337857,-0.22957270667980756,206.51335512337857,-899.555343969566
Neighborhood_Mitchel,-0.20837290442824927,204.9477535778633,-0.20837290442824927,204.9477535778633,-0.20837290442824927,204.9477535778633,-0.20837290442824927,204.9477535778633,-983.5623980968918
LotShape_Reg,-1.2941339222413004,201.57911510169754,-1.2941339222413004,201.57911510169754,0.7727175548169759,-120.36136156124205,-1.2941339222413004,201.57911510169754,-155.76372092355345
Alley_Pave,-0.17361064597690165,172.99128344241285,-0.17361064597690165,172.99128344241285,-0.17361064597690165,172.99128344241285,-0.17361064597690165,172.99128344241285,-996.4324622432935
GarageType_Basment,-0.11765675247977488,164.43186845133837,-0.11765675247977488,164.43186845133837,-0.11765675247977488,164.43186845133837,-0.11765675247977488,164.43186845133837,-1397.555728725422
ExterCond_Fa,-0.1503541917564103,162.12725509958503,-0.1503541917564103,162.12725509958503,-0.1503541917564103,162.12725509958503,-0.1503541917564103,162.12725509958503,-1078.3021956730568
BsmtExposure_NA,-0.16340829138365015,158.59562470398095,-0.16340829138365015,158.59562470398095,-0.16340829138365015,158.59562470398095,-0.16340829138365015,158.59562470398095,-970.5482100148148
BsmtCond_NA,-0.16340829138365015,158.59562470398072,-0.16340829138365015,158.59562470398072,-0.16340829138365015,158.59562470398072,-0.16340829138365015,158.59562470398072,-970.5482100148134
BsmtFinType2_NA,-0.16340829138365015,158.59562470398035,-0.16340829138365015,158.59562470398035,-0.16340829138365015,158.59562470398035,-0.16340829138365015,158.59562470398035,-970.5482100148112
BsmtFinType2_LwQ,-0.16755556185982137,153.29887673239173,-0.16755556185982137,153.29887673239173,-0.16755556185982137,153.29887673239173,-0.16755556185982137,153.29887673239173,-914.9136861278474
CentralAir_Y,0.26511378053936024,145.50864853795048,0.26511378053936024,145.50864853795048,0.26511378053936024,145.50864853795048,0.26511378053936024,145.50864853795048,548.853583702517
RoofStyle_Mansard,-0.05106429211881652,140.3782306583824,-0.05106429211881652,140.3782306583824,-0.05106429211881652,140.3782306583824,-0.05106429211881652,140.3782306583824,-2749.048793856771
BldgType_2fmCon,-0.1503541917564103,130.21780408692646,-0.1503541917564103,130.21780408692646,-0.1503541917564103,130.21780408692646,-0.1503541917564103,130.21780408692646,-866.0736529241107
BsmtCond_TA,0.3371731528082508,119.95500145252338,0.3371731528082508,119.95500145252338,0.3371731528082508,119.95500145252338,0.3371731528082508,119.95500145252338,355.7667639117797
BsmtFinType2_BLQ,-0.1525999993896,108.81804158414413,-0.1525999993896,108.81804158414413,-0.1525999993896,108.81804158414413,-0.1525999993896,108.81804158414413,-713.0933290918499
GarageType_BuiltIn,-0.2748171674486067,107.18788473320036,3.6387828652917364,-1419.2469923007086,-0.2748171674486067,107.18788473320036,-0.2748171674486067,107.18788473320036,-390.0334383340352
Neighborhood_SWISU,-0.13113263207824055,89.51628864957146,-0.13113263207824055,89.51628864957146,-0.13113263207824055,89.51628864957146,-0.13113263207824055,89.51628864957146,-682.6393036644105
ExterQual_Fa,-0.09924203883351004,83.07463873792017,-0.09924203883351004,83.07463873792017,-0.09924203883351004,83.07463873792017,-0.09924203883351004,83.07463873792017,-837.0912137072017
RoofMatl_Tar&Grv,-0.08089810021132168,79.53427006141236,-0.08089810021132168,79.53427006141236,-0.08089810021132168,79.53427006141236,-0.08089810021132168,79.53427006141236,-983.141382228424
BsmtFinType2_Rec,-0.20495223847082164,75.11933774191876,-0.20495223847082164,75.11933774191876,-0.20495223847082164,75.11933774191876,-0.20495223847082164,75.11933774191876,-366.5211870941007
Heating_Grav,-0.05711023204334192,70.68745021070161,-0.05711023204334192,70.68745021070161,-0.05711023204334192,70.68745021070161,-0.05711023204334192,70.68745021070161,-1237.7370513405674
LotConfig_Inside,0.5978779774374349,68.1351319369047,0.5978779774374349,68.1351319369047,0.5978779774374349,68.1351319369047,0.5978779774374349,68.1351319369047,113.96160171167153
MSZoning_C (all),-0.08089810021132168,63.09711607909962,-0.08089810021132168,63.09711607909962,-0.08089810021132168,63.09711607909962,-0.08089810021132168,63.09711607909962,-779.9579460367746
GarageCond_Fa,-0.1525999993896,57.60151256936176,-0.1525999993896,57.60151256936176,-0.1525999993896,57.60151256936176,-0.1525999993896,57.60151256936176,-377.46731847816386
Functional_Sev,-0.03608439182435161,56.94041234607617,-0.03608439182435161,56.94041234607617,-0.03608439182435161,56.94041234607617,-0.03608439182435161,56.94041234607617,-1577.9789949972178
Neighborhood_BrDale,-0.08487442089078141,52.144583552302876,-0.08487442089078141,52.144583552302876,-0.08487442089078141,52.144583552302876,-0.08487442089078141,52.144583552302876,-614.3733648492738
LotConfig_FR2,-0.1755878674502041,49.52556535034375,-0.1755878674502041,49.52556535034375,-0.1755878674502041,49.52556535034375,-0.1755878674502041,49.52556535034375,-282.0557369340394
Alley_NA,0.27344631300063416,44.044967697380095,0.27344631300063416,44.044967697380095,0.27344631300063416,44.044967697380095,0.27344631300063416,44.044967697380095,161.07354754232122
Neighborhood_IDOTRR,-0.18140560063267044,43.71368152137719,-0.18140560063267044,43.71368152137719,-0.18140560063267044,43.71368152137719,-0.18140560063267044,43.71368152137719,-240.97206133063858
Condition1_RRNe,-0.03608439182435161,43.12039595376524,-0.03608439182435161,43.12039595376524,-0.03608439182435161,43.12039595376524,-0.03608439182435161,43.12039595376524,-1194.9874661505414
RoofStyle_Gambrel,-0.05711023204334192,42.89468156656654,-0.05711023204334192,42.89468156656654,-0.05711023204334192,42.89468156656654,-0.05711023204334192,42.89468156656654,-751.0857517443292
Neighborhood_MeadowV,-0.10882143751650175,41.73153908451436,-0.10882143751650175,41.73153908451436,-0.10882143751650175,41.73153908451436,-0.10882143751650175,41.73153908451436,-383.486379493803
GarageCond_Po,-0.06258153949977485,41.20831637151592,-0.06258153949977485,41.20831637151592,-0.06258153949977485,41.20831637151592,-0.06258153949977485,41.20831637151592,-658.4739957006678
Fence_MnWw,-0.06258153949977485,40.75716227595635,-0.06258153949977485,40.75716227595635,-0.06258153949977485,40.75716227595635,-0.06258153949977485,40.75716227595635,-651.2649353425219
Functional_Maj2,-0.06761786042893986,36.1475940669574,-0.06761786042893986,36.1475940669574,-0.06761786042893986,36.1475940669574,-0.06761786042893986,36.1475940669574,-534.5864811109366
LandSlope_Sev,-0.06761786042893986,32.71428430773859,-0.06761786042893986,32.71428430773859,-0.06761786042893986,32.71428430773859,-0.06761786042893986,32.71428430773859,-483.81129039299145
Neighborhood_Blueste,-0.044208566976738896,32.30934687059989,-0.044208566976738896,32.30934687059989,-0.044208566976738896,32.30934687059989,-0.044208566976738896,32.30934687059989,-730.839045011344
Condition1_RRAe,-0.09584545740950244,32.18774541543802,-0.09584545740950244,32.18774541543802,-0.09584545740950244,32.18774541543802,-0.09584545740950244,32.18774541543802,-335.8296395614762
Street_Pave,0.05106429211881566,27.604596797566693,0.05106429211881566,27.604596797566693,0.05106429211881566,27.604596797566693,0.05106429211881566,27.604596797566693,540.5851261648103
GarageType_CarPort,-0.05106429211881652,24.87896639339253,-0.05106429211881652,24.87896639339253,-0.05106429211881652,24.87896639339253,-0.05106429211881652,24.87896639339253,-487.2086806863804
Neighborhood_NPkVill,-0.08089810021132168,24.822236957023293,-0.08089810021132168,24.822236957023293,-0.08089810021132168,24.822236957023293,-0.08089810021132168,24.822236957023293,-306.83337299865815
Electrical_FuseP,-0.05106429211881652,22.76020694953266,-0.05106429211881652,22.76020694953266,-0.05106429211881652,22.76020694953266,-0.05106429211881652,22.76020694953266,-445.71668391239325
SaleType_ConLD,-0.07231015260621873,20.61011321406293,-0.07231015260621873,20.61011321406293,-0.07231015260621873,20.61011321406293,-0.07231015260621873,20.61011321406293,-285.02378257033916
Heating_OthW,-0.025507216374642372,20.40977614693844,-0.025507216374642372,20.40977614693844,-0.025507216374642372,20.40977614693844,-0.025507216374642372,20.40977614693844,-800.1569378314649
Functional_Sal,-0.03608439182435161,20.276170456788012,-0.03608439182435161,20.276170456788012,-0.03608439182435161,20.276170456788012,-0.03608439182435161,20.276170456788012,-561.9097186253423
Condition1_RRNn,-0.05711023204334192,19.998482342667405,-0.05711023204334192,19.998482342667405,-0.05711023204334192,19.998482342667405,-0.05711023204334192,19.998482342667405,-350.17336871421253
Utilities_NoSeWa,-0.025507216374642372,18.99340258611673,-0.025507216374642372,18.99340258611673,-0.025507216374642372,18.99340258611673,-0.025507216374642372,18.99340258611673,-744.6285908719834
LotConfig_FR3,-0.06258153949977485,18.762675450164593,-0.06258153949977485,18.762675450164593,-0.06258153949977485,18.762675450164593,-0.06258153949977485,18.762675450164593,-299.81166331378114
GarageCond_TA,0.30385777175274864,18.289302990121083,0.30385777175274864,18.289302990121083,0.30385777175274864,18.289302990121083,0.30385777175274864,18.289302990121083,60.19034130548165
ExterCond_Po,-0.025507216374642372,17.09571531612729,-0.025507216374642372,17.09571531612729,-0.025507216374642372,17.09571531612729,-0.025507216374642372,17.09571531612729,-670.230536528586
RoofStyle_Shed,-0.04420856697673889,16.628392788787565,-0.04420856697673889,16.628392788787565,-0.04420856697673889,16.628392788787565,-0.04420856697673889,16.628392788787565,-376.13507801636916
Neighborhood_Greens,-0.036084391824351615,15.744442420053858,-0.036084391824351615,15.744442420053858,-0.036084391824351615,15.744442420053858,-0.036084391824351615,15.744442420053858,-436.3227873340155
BsmtExposure_unspecified,-0.03608439182435161,13.212392191805554,-0.03608439182435161,13.212392191805554,-0.03608439182435161,13.212392191805554,-0.03608439182435161,13.212392191805554,-366.1525530517366
Condition2_RRNn,-0.03608439182435161,8.237630838276676,-0.03608439182435161,8.237630838276676,-0.03608439182435161,8.237630838276676,-0.03608439182435161,8.237630838276676,-228.28792233426248
Condition2_Feedr,-0.07672157539313466,6.159075976664637,-0.07672157539313466,6.159075976664637,-0.07672157539313466,6.159075976664637,-0.07672157539313466,6.159075976664637,-80.27827824317296
GarageCond_Gd,-0.08089810021132168,4.3674252639176805,-0.08089810021132168,4.3674252639176805,-0.08089810021132168,4.3674252639176805,-0.08089810021132168,4.3674252639176805,-53.98674693854503
BsmtFinType2_unspecified,-0.02550721637464237,3.5808358309153303,-0.02550721637464237,3.5808358309153303,-0.02550721637464237,3.5808358309153303,-0.02550721637464237,3.5808358309153303,-140.38520622246992
Condition1_RRAn,-0.14342478936957415,3.490926521843891,-0.14342478936957415,3.490926521843891,-0.14342478936957415,3.490926521843891,-0.14342478936957415,3.490926521843891,-24.33977095025422
GarageQual_Po,-0.025507216374642372,3.3183275431483157,-0.025507216374642372,3.3183275431483157,-0.025507216374642372,3.3183275431483157,-0.025507216374642372,3.3183275431483157,-130.09367601739493
Electrical_Mix,-0.025507216374642372,3.318327543148229,-0.025507216374642372,3.318327543148229,-0.025507216374642372,3.318327543148229,-0.025507216374642372,3.318327543148229,-130.09367601739154
MiscFeature_TenC,-0.025507216374642372,0.05000963381956761,-0.025507216374642372,0.05000963381956761,-0.025507216374642372,0.05000963381956761,-0.025507216374642372,0.05000963381956761,-1.9606072683526519
BsmtCond_unspecified,0.0,0.0,0.0,0.0,0.0,0.0,0.0,0.0,0.0
Neighborhood_Landmrk,0.0,0.0,0.0,0.0,0.0,0.0,0.0,0.0,0.0
RoofMatl_Membran,0.0,0.0,0.0,0.0,0.0,0.0,0.0,0.0,0.0
PoolQC_Gd,-0.044208566976738896,-0.11863942957981842,-0.044208566976738896,-0.11863942957981842,-0.044208566976738896,-0.11863942957981842,-0.044208566976738896,-0.11863942957981842,2.6836298412984663
Condition2_RRAn,-0.025507216374642372,-0.6998246562060043,-0.025507216374642372,-0.6998246562060043,-0.025507216374642372,-0.6998246562060043,-0.025507216374642372,-0.6998246562060043,27.436339815650165
LotShape_IR3,-0.06258153949977485,-0.86063526352294,-0.06258153949977485,-0.86063526352294,-0.06258153949977485,-0.86063526352294,-0.06258153949977485,-0.86063526352294,13.752222626706654
Electrical_FuseF,-0.1285436241822652,-1.2293949465748208,-0.1285436241822652,-1.2293949465748208,-0.1285436241822652,-1.2293949465748208,-0.1285436241822652,-1.2293949465748208,9.564028977677113
Neighborhood_BrkSide,-0.19257981680205874,-3.349339692119837,-0.19257981680205874,-3.349339692119837,-0.19257981680205874,-3.349339692119837,-0.19257981680205874,-3.349339692119837,17.391955957474103
PoolQC_Fa,-0.03608439182435161,-3.716323363020781,-0.03608439182435161,-3.716323363020781,-0.03608439182435161,-3.716323363020781,-0.03608439182435161,-3.716323363020781,102.98977411371568
PoolQC_TA,-0.03608439182435161,-6.078413650937223,-0.03608439182435161,-6.078413650937223,-0.03608439182435161,-6.078413650937223,-0.03608439182435161,-6.078413650937223,168.44994036549608
GarageCond_unspecified,-0.025507216374642372,-6.221229380372102,-0.025507216374642372,-6.221229380372102,-0.025507216374642372,-6.221229380372102,-0.025507216374642372,-6.221229380372102,243.9007569072432
GarageQual_unspecified,-0.025507216374642372,-6.221229380372103,-0.025507216374642372,-6.221229380372103,-0.025507216374642372,-6.221229380372103,-0.025507216374642372,-6.221229380372103,243.90075690724322
Condition2_RRAe,-0.025507216374642372,-7.004660697748781,-0.025507216374642372,-7.004660697748781,-0.025507216374642372,-7.004660697748781,-0.025507216374642372,-7.004660697748781,274.6148617264392
SaleType_ConLw,-0.05106429211881652,-10.17769906315793,-0.05106429211881652,-10.17769906315793,-0.05106429211881652,-10.17769906315793,-0.05106429211881652,-10.17769906315793,199.31146875543547
Utilities_NoSewr,-0.025507216374642372,-10.276404760982219,-0.025507216374642372,-10.276404760982219,-0.025507216374642372,-10.276404760982219,-0.025507216374642372,-10.276404760982219,402.88225143996334
MSZoning_I (all),-0.025507216374642372,-10.27640476098222,-0.025507216374642372,-10.27640476098222,-0.025507216374642372,-10.27640476098222,-0.025507216374642372,-10.27640476098222,402.88225143996345
RoofMatl_WdShake,-0.03608439182435161,-15.014390165386422,-0.03608439182435161,-15.014390165386422,-0.03608439182435161,-15.014390165386422,-0.03608439182435161,-15.014390165386422,416.0909857777882
Fence_MnPrv,-0.3583200387690017,-15.432799831020585,-0.3583200387690017,-15.432799831020585,-0.3583200387690017,-15.432799831020585,-0.3583200387690017,-15.432799831020585,43.0698765384139
PavedDrive_P,-0.13617285470172055,-16.714272352244457,-0.13617285470172055,-16.714272352244457,-0.13617285470172055,-16.714272352244457,-0.13617285470172055,-16.714272352244457,122.74305616090804
BsmtCond_Po,-0.044208566976738896,-16.78578817804911,-0.044208566976738896,-16.78578817804911,-0.044208566976738896,-16.78578817804911,-0.044208566976738896,-16.78578817804911,379.69536960746194
Functional_Mod,-0.12321330346928928,-20.61633726204836,-0.12321330346928928,-20.61633726204836,-0.12321330346928928,-20.61633726204836,-0.12321330346928928,-20.61633726204836,167.32233193623406
MiscFeature_Gar2,-0.044208566976738896,-21.4807169554656,-0.044208566976738896,-21.4807169554656,-0.044208566976738896,-21.4807169554656,-0.044208566976738896,-21.4807169554656,485.8948937830998
SaleType_ConLI,-0.06258153949977485,-21.972098550785045,-0.06258153949977485,-21.972098550785045,-0.06258153949977485,-21.972098550785045,-0.06258153949977485,-21.972098550785045,351.0955263550858
Condition2_Norm,0.12321330346928948,-27.18913693035169,0.12321330346928948,-27.18913693035169,0.12321330346928948,-27.18913693035169,0.12321330346928948,-27.18913693035169,-220.66721826940136
SaleType_Oth,-0.03608439182435161,-27.241235967941584,-0.03608439182435161,-27.241235967941584,-0.03608439182435161,-27.241235967941584,-0.03608439182435161,-27.241235967941584,754.9312761191611
Heating_GasW,-0.09584545740950244,-30.626560757140822,-0.09584545740950244,-30.626560757140822,-0.09584545740950244,-30.626560757140822,-0.09584545740950244,-30.626560757140822,319.5410777402623
Heating_Wall,-0.05711023204334192,-34.25491808877446,-0.05711023204334192,-34.25491808877446,-0.05711023204334192,-34.25491808877446,-0.05711023204334192,-34.25491808877446,599.8035179191327
Functional_Min1,-0.14342478936957412,-36.138207596330396,-0.14342478936957412,-36.138207596330396,-0.14342478936957412,-36.138207596330396,-0.14342478936957412,-36.138207596330396,251.96625879791387
SaleType_CWD,-0.07672157539313466,-36.470010701427036,-0.07672157539313466,-36.470010701427036,-0.07672157539313466,-36.470010701427036,-0.07672157539313466,-36.470010701427036,475.3553418910961
MSZoning_RH,-0.08487442089078141,-36.57542936137288,-0.08487442089078141,-36.57542936137288,-0.08487442089078141,-36.57542936137288,-0.08487442089078141,-36.57542936137288,430.9358341123657
LandContour_Low,-0.1503541917564103,-43.49099630534009,-0.1503541917564103,-43.49099630534009,-0.1503541917564103,-43.49099630534009,-0.1503541917564103,-43.49099630534009,289.2569591661276
Condition2_PosN,-0.036084391824351615,-44.12843601539358,-0.036084391824351615,-44.12843601539358,-0.036084391824351615,-44.12843601539358,-0.036084391824351615,-44.12843601539358,1222.9230917954235
Condition2_PosA,-0.04420856697673889,-44.67629008907003,-0.04420856697673889,-44.67629008907003,-0.04420856697673889,-44.67629008907003,-0.04420856697673889,-44.67629008907003,1010.5799202353073
Condition1_PosA,-0.06258153949977485,-46.291690190973625,-0.06258153949977485,-46.291690190973625,-0.06258153949977485,-46.291690190973625,-0.06258153949977485,-46.291690190973625,739.7020041531604
PoolQC_NA,0.07231015260621904,-47.96572142761482,0.07231015260621904,-47.96572142761482,0.07231015260621904,-47.96572142761482,0.07231015260621904,-47.96572142761482,-663.3331516920284
Neighborhood_ClearCr,-0.1232133034692893,-50.303036085907664,-0.1232133034692893,-50.303036085907664,-0.1232133034692893,-50.303036085907664,-0.1232133034692893,-50.303036085907664,408.2597793382401
GarageQual_Fa,-0.1997293638814386,-51.910351632212034,-0.1997293638814386,-51.910351632212034,-0.1997293638814386,-51.910351632212034,-0.1997293638814386,-51.910351632212034,259.9034544716547
Condition1_Feedr,-0.21999566210013463,-52.96223797917209,-0.21999566210013463,-52.96223797917209,-0.21999566210013463,-52.96223797917209,-0.21999566210013463,-52.96223797917209,240.7421922486156
Neighborhood_Somerst,-0.26791230558584006,-58.56336443671005,-0.26791230558584006,-58.56336443671005,-0.26791230558584006,-58.56336443671005,-0.26791230558584006,-58.56336443671005,218.59154363458734
MiscFeature_Othr,-0.03608439182435161,-59.1524798140752,-0.03608439182435161,-59.1524798140752,-0.03608439182435161,-59.1524798140752,-0.03608439182435161,-59.1524798140752,1639.2816069067308
Functional_Min2,-0.14576810341580068,-62.40854146840284,-0.14576810341580068,-62.40854146840284,-0.14576810341580068,-62.40854146840284,-0.14576810341580068,-62.40854146840284,428.1357855798102
SaleType_Con,-0.051064292118816516,-68.59556949010774,-0.051064292118816516,-68.59556949010774,-0.051064292118816516,-68.59556949010774,-0.051064292118816516,-68.59556949010774,1343.3177401245357
Neighborhood_Veenker,-0.1025304031702032,-72.90434303844285,-0.1025304031702032,-72.90434303844285,-0.1025304031702032,-72.90434303844285,-0.1025304031702032,-72.90434303844285,711.0509739966564
Fence_GdWo,-0.19796259542951333,-75.25323578581833,-0.19796259542951333,-75.25323578581833,-0.19796259542951333,-75.25323578581833,-0.19796259542951333,-75.25323578581833,380.13866014710356
MasVnrType_unspecified,-0.10572065706711951,-86.1962811819877,-0.10572065706711951,-86.1962811819877,-0.10572065706711951,-86.1962811819877,-0.10572065706711951,-86.1962811819877,815.3210883589547
BsmtFinType2_GLQ,-0.11184019446554466,-92.4863496153147,-0.11184019446554466,-92.4863496153147,-0.11184019446554466,-92.4863496153147,-0.11184019446554466,-92.4863496153147,826.9509013041601
RoofMatl_CompShg,0.10572065706711932,-92.71163806867322,0.10572065706711932,-92.71163806867322,0.10572065706711932,-92.71163806867322,0.10572065706711932,-92.71163806867322,-876.9491283979913
GarageQual_Gd,-0.09584545740950244,-95.02155393259713,-0.09584545740950244,-95.02155393259713,-0.09584545740950244,-95.02155393259713,-0.09584545740950244,-95.02155393259713,991.4038338469693
Neighborhood_Timber,-0.1591644851508443,-95.93732568126414,-0.1591644851508443,-95.93732568126414,-0.1591644851508443,-95.93732568126414,-0.1591644851508443,-95.93732568126414,602.755857189761
GarageCond_NA,-0.22799908800547194,-114.73951946705701,-0.22799908800547194,-114.73951946705701,-0.22799908800547194,-114.73951946705701,-0.22799908800547194,-114.73951946705701,503.2455194044604
GarageType_NA,-0.22799908800547194,-114.73951946706053,-0.22799908800547194,-114.73951946706053,-0.22799908800547194,-114.73951946706053,-0.22799908800547194,-114.73951946706053,503.2455194044759
GarageQual_NA,-0.22799908800547194,-114.73951946706464,-0.22799908800547194,-114.73951946706464,-0.22799908800547194,-114.73951946706464,-0.22799908800547194,-114.73951946706464,503.24551940449385
BsmtCond_Gd,-0.20495223847082164,-128.51721243702337,-0.20495223847082164,-128.51721243702337,-0.20495223847082164,-128.51721243702337,-0.20495223847082164,-128.51721243702337,627.0593256063408
Electrical_SBrkr,0.3114551004568246,-134.4814321207874,0.3114551004568246,-134.4814321207874,0.3114551004568246,-134.4814321207874,0.3114551004568246,-134.4814321207874,-431.7843307864847
Neighborhood_GrnHill,-0.03608439182435161,-139.02696690026633,-0.03608439182435161,-139.02696690026633,-0.03608439182435161,-139.02696690026633,-0.03608439182435161,-139.02696690026633,3852.828324695326
RoofMatl_WdShngl,-0.05711023204334192,-156.21700121478273,-0.05711023204334192,-156.21700121478273,-0.05711023204334192,-156.21700121478273,-0.05711023204334192,-156.21700121478273,2735.3592451914224
ExterCond_TA,0.38551053412240593,-172.7153913087024,0.38551053412240593,-172.7153913087024,0.38551053412240593,-172.7153913087024,0.38551053412240593,-172.7153913087024,-448.0173069767853
Condition1_PosN,-0.1232133034692893,-229.560989236843,-0.1232133034692893,-229.560989236843,-0.1232133034692893,-229.560989236843,-0.1232133034692893,-229.560989236843,1863.1185332520581
Fence_NA,0.5004063389536956,-232.75519249275357,0.5004063389536956,-232.75519249275357,0.5004063389536956,-232.75519249275357,0.5004063389536956,-232.75519249275357,-465.1323821745017
LotShape_IR2,-0.17754567902989488,-269.0896375056218,-0.17754567902989488,-269.0896375056218,-0.17754567902989488,-269.0896375056218,-0.17754567902989488,-269.0896375056218,1515.6079211610263
ExterCond_Gd,-0.3383677786420989,-282.2818325226462,-0.3383677786420989,-282.2818325226462,-0.3383677786420989,-282.2818325226462,-0.3383677786420989,-282.2818325226462,834.2456059364437
BsmtFinType2_Unf,0.4161132862235683,-289.8262884487563,0.4161132862235683,-289.8262884487563,-2.4031917103043967,1673.8425733758568,0.4161132862235683,-289.8262884487563,-696.508133828342
MSZoning_FV,-0.23578313267801077,-384.48540394275733,-0.23578313267801077,-384.48540394275733,-0.23578313267801077,-384.48540394275733,-0.23578313267801077,-384.48540394275733,1630.6739145238892
LandSlope_Mod,-0.21836648942940415,-391.0612450705272,-0.21836648942940415,-391.0612450705272,-0.21836648942940415,-391.0612450705272,-0.21836648942940415,-391.0612450705272,1790.8482482471454
LandContour_HLS,-0.21836648942940415,-414.04131772440957,-0.21836648942940415,-414.04131772440957,-0.21836648942940415,-414.04131772440957,-0.21836648942940415,-414.04131772440957,1896.0845082334176
Neighborhood_Crawfor,-0.18519514780544125,-433.40443809387057,-0.18519514780544125,-433.40443809387057,-0.18519514780544125,-433.40443809387057,-0.18519514780544125,-433.40443809387057,2340.2580641539716
GarageQual_TA,0.3335740941688637,-437.31705427416784,0.3335740941688637,-437.31705427416784,0.3335740941688637,-437.31705427416784,0.3335740941688637,-437.31705427416784,-1311.0042473885483
MiscFeature_Shed,-0.16959522931385798,-443.49288122625137,-0.16959522931385798,-443.49288122625137,-0.16959522931385798,-443.49288122625137,-0.16959522931385798,-443.49288122625137,2615.0079988718917
LotConfig_CulDSac,-0.2637063313749449,-443.58080065567344,-0.2637063313749449,-443.58080065567344,-0.2637063313749449,-443.58080065567344,-0.2637063313749449,-443.58080065567344,1682.1014434612798
SaleType_WD ,-2.5286816267040755,-449.3459590161687,-2.5286816267040755,-449.3459590161687,0.39546299124394574,70.27365374087452,-2.5286816267040755,-449.3459590161687,177.69969705591348
Neighborhood_NoRidge,-0.15700392726897444,-491.049317516144,-0.15700392726897444,-491.049317516144,-0.15700392726897444,-491.049317516144,-0.15700392726897444,-491.049317516144,3127.6244235272725
YearRemodAdd FullBath,0.7773830890422699,-677.1374160362979,2.572009621209237,-2240.3419542760607,0.7755884625101029,-675.574211498058,0.7791777155744368,-678.7006205745375,-871.0472681757536
YearBuilt FullBath,0.7899454881820388,-714.3145603396389,2.5822477484598054,-2335.0182926850575,0.7899454881820388,-714.3145603396389,0.7917386870417464,-715.9360748292291,-904.2580418853267
FullBath,0.7493322764770055,-766.1305246901445,2.555716353626903,-2613.009438441622,0.7493322764770055,-766.1305246901445,0.7493322764770055,-766.1305246901445,-1022.4176226494823
Neighborhood_StoneBr,-0.13617285470172055,-954.3049357346365,7.343607521414216,51464.301891403615,-0.13617285470172055,-954.3049357346365,-0.13617285470172055,-954.3049357346365,7008.040903783585
MasVnrType_None,-1.1845357740482134,-1347.1233308213873,-1.1845357740482134,-1347.1233308213873,-1.1845357740482134,-1347.1233308213873,-1.1845357740482134,-1347.1233308213873,1137.2584605170027
YearRemodAdd GarageCars,1.5900255850665066,-1491.613441171348,1.5841512050839328,-1486.1026467395789,1.5880674584056487,-1489.7765096940916,1.5919837117273645,-1493.4503726486043,-938.1065658191643
YearBuilt GarageCars,1.5974645243445393,-1498.9147780055202,1.591595293561063,-1493.4076280044978,1.5974645243445393,-1498.9147780055202,1.5994209346056982,-1500.750494672528,-938.3086479623356
GarageCars,1.5641045418153525,-1796.0212252877673,1.5641045418153525,-1796.0212252877673,1.5641045418153525,-1796.0212252877673,1.5641045418153525,-1796.0212252877673,-1148.274413424594
Neighborhood_NridgHt,-0.2565834480925569,-1851.3772554720554,-0.2565834480925569,-1851.3772554720554,3.8973675326058905,28121.44610153869,3.8973675326058905,28121.44610153869,7215.497606081789
LandContour_Lvl,-2.9044074821012784,-4085.1406732830287,0.3443043051509153,484.27485799646104,0.3443043051509153,484.27485799646104,0.3443043051509153,484.27485799646104,1406.5315209584553
MasVnrArea TotRmsAbvGrd,12.360554363185818,-6335.221150400737,1.092616044458818,-560.0043550424242,0.8907017689614701,-456.5161496502394,5.349642019527903,-2741.88068539432,-512.5353575782416
TotRmsAbvGrd^2,7.8291415841128895,-7337.189153814082,3.3247718548094505,-3115.8562825733256,2.415235659469333,-2263.4717604958655,3.3247718548094505,-3115.8562825733256,-937.1639374491463
Neighborhood_Edwards,3.6570249897561458,-7583.639394641249,-0.2734463130006342,567.0506046307572,-0.2734463130006342,567.0506046307572,-0.2734463130006342,567.0506046307572,-2073.718231591011
MasVnrArea TotalBsmtSF,18.86143952342624,-15537.143909626602,0.84799091639329,-698.5340056200197,1.480614960181479,-1219.6591719584114,5.044972981368553,-4155.805347431,-823.7517550200341
MiscFeature_NA,-5.455272678794343,-16583.21379070375,0.18330889377669166,557.2316461930025,0.18330889377669166,557.2316461930025,0.18330889377669166,557.2316461930025,3039.8505752362807
MasVnrArea^2,10.750299135581233,-28082.032829296306,0.016285067415379932,-42.54000674942866,-0.007795991726680446,20.364763142353805,3.9584961022597347,-10340.420866092405,-2612.2094348380197
GrLivArea MasVnrArea,15.01240842141857,-31890.454407907888,1.0144966620010438,-2155.0679037189366,0.7262254621814443,-1542.7011670237223,3.9931534485651548,-8482.54819750062,-2124.273035524999
